{"cameraMode":{"drawMode":0,"name":"Shaded","section":"Shading Mode"},"sceneLighting":false,"audioPlay":false,"sceneViewState":{"m_AlwaysRefresh":false,"showFog":true,"showSkybox":true,"showFlares":true,"showImageEffects":true,"showParticleSystems":true,"showVisualEffectGraphs":true,"m_FxEnabled":true},"in2DMode":false,"pivot":{"x":-8.048881530761719,"y":0.5243062973022461,"z":8.227991104125977},"rotation":{"x":0.062026094645261767,"y":-0.9216067790985107,"z":0.34564676880836489,"w":0.16543260216712953},"size":7.835277557373047,"orthographic":false}